{
    "type": "image",
    "metadata": {
        "alias": ["就绪", "ready"],
        "inRandomList": false
    },
    "elements": [
        {
            "type": "image",
            "key": "to",
            "coords": [0, 0, "100vw", "100vh"],
            "fit": "cover"
        },
        {
            "type": "image",
            "src": "./bg.png",
            "coords": ["30 - head_width / 2", 0, "head_width + 2", "head_height - 1"]
        },
        {
            "type": "image",
            "src": "./bg.png",
            "coords": [0, 37.5, 60, 10.5]
        },
        {
            "type": "text",
            "coords": [31, 9, 34.5],
            "id": "head",
            "text": "${2:-就緒}",
            "color": "#ffff00",
            "align": "center",
            "baseline": "center",
            "size": 16
        },
        {
            "type": "text",
            "coords": [30, 44, 60],
            "text": "${1:-${to}}",
            "color": "#ffffff",
            "align": "center",
            "baseline": "center",
            "style": "bold",
            "size": 8
        }
    ],
    "canvas": {
        "width": 60,
        "height": 48
    }
}